post_id,likes,comment_likes_sum,sentiment_positive,sentiment_negative,sentiment_neutral,avg_comment_sentiment,num_comments,sentiment_weighted_engagement
1924095096190508943,451,11,0.4015796753681368,0.148891742574051,0.4495285794966751,0.2526879327940858,18,4.5483827902935445
1924099996647463995,988,19,0.6817665252213677,0.0436207527139534,0.2746127331241344,0.6381457725074142,24,15.31549854017794
1924627614606230180,539,5,0.2927936401901145,0.3712789221082089,0.3359274340669314,-0.0784852819180944,18,-1.412735074525699
1924925474203576397,275,3,0.2238274940599997,0.1295750954654067,0.6465974199275176,0.094252398594593,15,1.4137859789188951
1924956656295460901,260,5,0.348963410194431,0.3627280897926539,0.2883085379643099,-0.0137646795982228,7,-0.0963527571875602
1925129285367012061,1389,30,0.2738846223768981,0.2756810823180105,0.4504342850200508,-0.0017964599411124,23,-0.0413185786455869
1925154670360230929,409,25,0.4770616297204705,0.1512494222814326,0.3716889507783686,0.3258122074390378,17,5.538807526463643
1925634585987722914,327,13,0.2997428360084692,0.2801745904764781,0.4200825796773036,0.0195682455319911,15,0.2935236829798668
1926399619705764782,490,1,0.4866087327990681,0.1659798025277753,0.3474114725505933,0.3206289302712927,24,7.695094326511025
1926471411057113020,213,8,0.4803853446245194,0.1179774368973449,0.4016372260451317,0.3624079077271744,12,4.3488948927260935
1926801147356669785,326,13,0.3560034001991153,0.2802412964217365,0.3637552999003845,0.0757621037773788,17,1.2879557642154396
1926814687870138568,731,28,0.293250600778653,0.3325566745580484,0.3741927229364712,-0.0393060737793954,24,-0.9433457707054912
1926971147346269567,1686,4,0.2712815541114348,0.2940973214960347,0.4346211242955178,-0.0228157673845998,24,-0.5475784172303975
1927680904617201740,456,14,0.5375092683779076,0.1507244395860471,0.3117663057148456,0.3867848287918605,16,6.188557260669768
1927895302875118583,336,10,0.4709668051738006,0.1961912963736372,0.3328419080433937,0.2747755088001632,13,3.5720816144021224
1928335071262122736,337,8,0.5363587099483067,0.1774015225698663,0.2862397698312998,0.3589571873784404,11,3.948529061162844
1929131139415462107,293,0,0.5420152163070937,0.1093896181881427,0.3485951628660162,0.4326255981189509,12,5.191507177427411
1929825818599661108,653,3,0.1896975726742918,0.4006708120616774,0.4096316062224407,-0.2109732393873855,24,-5.063357745297253
1930041130351620600,238,5,0.6757581904530525,0.0351160483745237,0.2891257607067625,0.6406421420785288,6,3.843852852471173
1930118597435217991,408,24,0.4414492573198818,0.1062268165481232,0.4523239237815141,0.3352224407717585,21,7.03967125620693
1930774884661836502,767,13,0.2552408101654759,0.251200409790403,0.4935587772256449,0.0040404003750728,19,0.0767676071263849
1930918191463261776,745,9,0.2137849130186563,0.4002299746259814,0.3859851113706827,-0.1864450616073251,24,-4.474681478575803
1931520877380390228,371,10,0.2924784937966615,0.2906358360328401,0.416885678358376,0.0018426577638213,24,0.0442237863317132
1931522576023196103,734,0,0.2735540214087814,0.2951461364608258,0.43129983390371,-0.0215921150520443,24,-0.5182107612490654
1931552745417080269,504,17,0.6478337403138479,0.1207816183978381,0.2313846470702749,0.5270521219160097,24,12.649250925984234
1931916784001154258,538,20,0.2720992542816592,0.3342013377476749,0.393699403796345,-0.0621020834660157,28,-1.7388583370484412
1931919200448782134,601,16,0.2665970038403483,0.2088925017810919,0.5245104869279791,0.0577045020592563,17,0.9809765350073576
1933620380682009545,323,10,0.4021991180181503,0.0899158563390374,0.5078850153982639,0.3122832616791129,10,3.122832616791129
1934565540773265434,531,18,0.2753569324796691,0.2841780817267649,0.4404649856292149,-0.0088211492470958,17,-0.1499595372006297
1934862262380587598,419,30,0.2720452436506748,0.2821952099551757,0.4457595425446828,-0.0101499663045008,15,-0.1522494945675134
1934898381906343015,395,28,0.3339958722604548,0.280417427229969,0.3855867057688096,0.0535784450304858,17,0.91083356551826
1934929801286604613,664,2,0.7597379766901334,0.0595776846352964,0.1806843395726311,0.700160292054837,21,14.703366133151576
1934944958033178646,277,14,0.5824845128399986,0.0957465369892971,0.3217689526985798,0.4867379758507013,14,6.814331661909819
1935059088258046644,164,2,0.3518948877851168,0.3303132330377896,0.3177918766935666,0.0215816547473271,3,0.0647449642419815
1935524825670084460,334,16,0.15934990386996,0.4141209197872215,0.4265291811029116,-0.2547710159172614,9,-2.292939143255353
1935725459773941042,1347,16,0.31248419505544,0.3273008498821097,0.3602149474372466,-0.0148166548266696,24,-0.3555997158400714
1936491602231051609,297,10,0.5351441359973472,0.1307710020728004,0.3340848643948202,0.4043731339245467,23,9.300582080264576
1937044626280208322,420,2,0.5373900706846925,0.1090160106453935,0.3535939204298398,0.4283740600392989,17,7.282359020668082
1937096094601257084,360,1,0.3741743573918938,0.3743373258039355,0.2514883317053318,-0.0001629684120416,6,-0.0009778104722499
1937234881704853801,216,7,0.6123035585218006,0.0609338369344671,0.3267625875729653,0.5513697215873334,9,4.962327494286001
1937748956465400775,143,0,0.3400471657514572,0.2882222719490528,0.3717305809259414,0.0518248938024044,2,0.1036497876048088
1937829717411414351,535,17,0.3288009704556316,0.1767104631289839,0.4944885578006506,0.1520905073266476,16,2.4334481172263622
1937859023433052634,1175,17,0.4608356740698218,0.1380408906168304,0.4011234496906399,0.3227947834529914,24,7.7470748028717935
1937917292407154454,192,0,0.2588030993938446,0.1868165880441665,0.5543802976608276,0.071986511349678,1,0.071986511349678
1937924298916313340,907,20,0.2936152182924358,0.2815111147077835,0.4248736614118452,0.0121041035846523,23,0.2783943824470043
1937928350421102098,1473,6,0.1108243490584815,0.5183852524434527,0.3707903918623924,-0.4075609033849711,24,-9.781461681239309
1938005160542433116,651,22,0.350564228137955,0.265629048886088,0.3838067232475926,0.084935179251867,24,2.038444302044809
1938166101103972259,298,15,0.6814652070403099,0.0223201548680663,0.2962146328762173,0.6591450521722436,5,3.295725260861218
1938563321280072708,414,4,0.7607728037925867,0.0614644010458141,0.1777628076090835,0.6993084027467725,13,9.091009235708045
1938708166285870853,477,0,0.2753813804207103,0.2941334294102021,0.4304851844481059,-0.0187520489894918,14,-0.2625286858528852
1939181529351699204,232,12,0.290340242585024,0.2815444744550265,0.4281152842136529,0.0087957681299975,13,0.1143449856899678
1939586825081503244,613,0,0.2581037685952403,0.2871978025544773,0.4546984420581297,-0.029094033959237,11,-0.3200343735516071
1939627656404364045,443,5,0.7344631907376258,0.1131596378038597,0.1523771750926971,0.6213035529337662,23,14.28998171747662
1939645034337138320,780,0,0.339441521433182,0.2109080623392947,0.4496504327779014,0.1285334590938873,24,3.0848030182532966
1941554686595352240,643,19,0.5883862953508894,0.1665352281485684,0.2450784783437848,0.4218510672023209,24,10.124425612855704
1942729738636327587,327,0,0.4308590659002463,0.3020523044342796,0.2670886181791623,0.1288067614659667,3,0.3864202843979001
1942737039250334779,484,0,0.7010066558917364,0.0867182503764828,0.2122750971466303,0.6142884055152535,6,3.685730433091521
1943111029533913697,586,3,0.4533000319823623,0.252942964855271,0.2937570107293625,0.2003570671270912,24,4.8085696110501885
1943125989248738104,148,9,0.3575353282503783,0.2952845025186737,0.3471801289253765,0.0622508257317046,9,0.5602574315853417
1943199099809446696,479,0,0.4042502529919147,0.2095833253115415,0.3861664198338985,0.1946669276803732,12,2.3360031321644783
1943621793705332954,128,3,0.5745030790567398,0.14273782327239,0.2827591047223125,0.4317652557843497,7,3.0223567904904485
1943681601200340964,572,2,0.2872232347648394,0.2661093017620672,0.4466674553975462,0.0211139330027723,19,0.4011647270526737
1943682729224891418,334,7,0.1411048183931658,0.4869654487445951,0.3719297428739567,-0.3458606303514291,24,-8.3006551284343
1943731707949752186,320,2,0.3646502662375569,0.2138888880070299,0.4214608412384987,0.150761378230527,10,1.5076137823052704
1945033907179211786,268,3,0.5635465937001365,0.0480346675030887,0.3884187564253807,0.5155119261970478,7,3.608583483379334
1945063731499201710,903,0,0.9574712986747425,0.0074311843006095,0.0350975148612633,0.9500401143741328,24,22.800962744979188
1945827335093702686,827,23,0.4190157869209845,0.0768948788463603,0.5040893237261722,0.3421209080746242,24,8.210901793790981
1946076297847514953,596,16,0.3526299439353699,0.2952059431111609,0.352164120213552,0.0574240008242089,11,0.6316640090662986
1946096185064461017,842,8,0.6470553536526858,0.1375232393752473,0.215421405051214,0.5095321142774386,24,12.228770742658526
1946492068624865110,471,1,0.7671125655372938,0.0220773751886251,0.2108100712454567,0.7450351903486686,24,17.880844568368047
1946525237868943620,429,20,0.2538999476358294,0.261469297658652,0.4846307448334991,-0.0075693500228226,20,-0.1513870004564523
1947474167037234252,1350,0,0.7772687349903086,0.0531774708814919,0.169553795796819,0.7240912641088167,24,17.378190338611603
1948065857787860999,616,23,0.5792245997739955,0.2072958655930124,0.2134795281253755,0.3719287341809831,20,7.438574683619663
1951837375659287072,414,18,0.4288486786399569,0.1184660662078697,0.4526852588940944,0.3103826124320871,14,4.34535657404922
1952606049932423687,608,19,0.247483157955272,0.4437427553121487,0.3087740834931964,-0.1962595973568766,23,-4.513970739208162
1953065780690234030,703,19,0.5663409414059586,0.0785077867594858,0.3551512665053208,0.4878331546464728,18,8.78099678363651
1953154135079619076,302,9,0.608336445565025,0.0674366763560101,0.3242268829296033,0.5408997692090148,12,6.4907972305081785
1954169669887843538,709,27,0.303644418336451,0.3061550438096747,0.3902005386687815,-0.0025106254732236,20,-0.0502125094644725
1954816454163678040,969,19,0.3955526310124475,0.2243667992706532,0.3800805566783832,0.1711858317417943,23,3.937274130061269
1955050758831435859,874,0,0.404539012654374,0.2392339489826311,0.3562270440285404,0.1653050636717428,24,3.967321528121829
1955182894146283988,324,4,0.4554620422422886,0.206907609506743,0.3376303487457335,0.2485544327355455,8,1.9884354618843645
1955667312711444357,900,2,0.3750246721117393,0.1670216172731117,0.4579537029013685,0.2080030548386275,23,4.784070261288434
1956062118176486999,810,3,0.4891404095292091,0.1923954040220096,0.3184642019264754,0.2967450055071995,21,6.231645115651189
1956118851238446184,228,5,0.2217856641215357,0.4077861308916048,0.3704282160780646,-0.1860004667700691,11,-2.046005134470761
1956163280183554935,485,3,0.3670588137422289,0.3068884423463827,0.3260527485680012,0.0601703713958462,21,1.2635777993127704
1956606092981145677,1183,11,0.4306216624363636,0.2274521053935556,0.3419262298708781,0.2031695570428079,24,4.876069369027391
1956683973715323005,363,10,0.4088229894017179,0.2310321637390492,0.3601448386907577,0.1777908256626688,12,2.133489907952025
1956948543491141692,653,5,0.5720665017763774,0.0832952060271054,0.3446383009354273,0.4887712957492719,15,7.331569436239079
1957275614536918582,485,4,0.2591015793539976,0.2344768555109438,0.5064215697426545,0.0246247238430537,19,0.4678697530180216
1957518437030883685,581,1,0.2326273926789872,0.4142488915535311,0.3531237299119432,-0.1816214988745438,24,-4.3589159729890525
1957682139466167037,566,2,0.2340692660654895,0.446925240335986,0.3190055015341689,-0.2128559742704965,24,-5.108543382491916
1958804513833915385,238,12,0.4805537294539121,0.1245037790402197,0.3949424844493086,0.3560499504136925,13,4.628649355378002
1958871398948668287,623,3,0.3331791905437906,0.2681202123469363,0.3987005993599692,0.0650589781968544,18,1.171061607543379
1958953158149209155,513,3,0.1668059273129876,0.4644542611478006,0.3687398214550579,-0.2976483338348129,17,-5.06002167519182
1959498106886371124,488,0,0.2131005271591923,0.1865758594464172,0.6003236323595047,0.0265246677127751,11,0.2917713448405266
1959559939231997800,206,7,0.3292798078618943,0.2125059284153394,0.4582142736762762,0.1167738794465549,8,0.9341910355724394
1961739225988658817,4436,0,0.4566558594823531,0.2040285298851845,0.3393156020278516,0.2526273295971686,23,5.810428580734879
1961858055092154687,368,0,0.4121038653908504,0.3016287112629248,0.2862674217422803,0.1104751541279256,9,0.9942763871513308
1961899720335100790,209,0,0.2722526651620865,0.2301170732329289,0.4976302361488343,0.0421355919291575,3,0.1264067757874727
1962532090004210294,666,23,0.1536720793338662,0.4494427844611081,0.3968851402266459,-0.2957707051272419,22,-6.506955512799324
1962593335483022690,711,0,0.7866226436197757,0.0728083708707709,0.1405689915145437,0.7138142727490049,24,17.131542545976117
1963218838774551409,323,5,0.4705111299951871,0.1600759266254802,0.3694129355251789,0.3104352033697068,15,4.656528050545603
1963339803156123469,383,10,0.3057913409874719,0.2387551439597326,0.4554535054108676,0.0670361970277393,17,1.139615349471569
1963368995461726009,823,5,0.2827321891594482,0.2749414403697378,0.4423263655446077,0.0077907487897104,19,0.1480242270044982
1964199940905468163,189,6,0.9285248716672262,0.0070101293579985,0.0644649779424071,0.9215147423092276,3,2.7645442269276828
1964403250438445637,366,13,0.4215715989081756,0.102414771300619,0.476013614444629,0.3191568276075565,23,7.3406070349738
1964848429175753606,269,9,0.5169121997389529,0.1440658959208263,0.3390219081689914,0.3728463038181265,9,3.3556167343631387
1965588258054349782,393,10,0.3558382047216097,0.2347534803821084,0.409408325664699,0.1210847243395013,12,1.4530166920740155
1965735229847158135,344,8,0.3465866893529892,0.1516694081947207,0.5017439038492739,0.1949172811582684,4,0.7796691246330738
1966171587485079739,437,1,0.8403485047817231,0.0619259273198743,0.097725570226709,0.7784225774618486,6,4.670535464771092
1966895992632696359,1752,5,0.3018892009245852,0.2355742678548752,0.4625365333693723,0.06631493306971,24,1.59155839367304
1967532603431147809,398,3,0.3757327133154168,0.3328385603636065,0.2914287360450801,0.0428941529518102,17,0.7292006001807749
1967609455780651661,905,2,0.4134328282251954,0.1081341175370228,0.4784330418395499,0.3052987106881725,24,7.327169056516141
1967955851864054324,400,4,0.3617434389465911,0.2993697540580549,0.3388868014920841,0.0623736848885362,11,0.6861105337738991
1968366989923618815,573,17,0.3034894795103797,0.2909739922501502,0.4055365166422866,0.0125154872602295,21,0.2628252324648201
1968551715378317869,1269,9,0.1846269747832169,0.341205902704969,0.474167134463787,-0.1565789279217521,24,-3.7578942701220512
1970511929222930512,252,0,0.7646880745887756,0.0318334231851622,0.2034784844145178,0.7328546514036134,2,1.4657093028072268
1971232973508328891,391,1,0.4062931044027209,0.2660224947515719,0.3276844044448808,0.1402706096511489,24,3.3664946316275746
1971305571409658640,308,4,0.5143044682145119,0.1604666141718626,0.3252289066240191,0.3538378540426493,10,3.5383785404264927
1971376212280279446,413,10,0.2890709079802036,0.2386951865628361,0.4722338989377022,0.0503757214173674,10,0.5037572141736746
1971906394795788169,787,21,0.3505214457469992,0.2266911210484492,0.422787431923983,0.12383032469855,24,2.9719277927652
1971944218752280233,345,1,0.3542759103700518,0.4157734997570514,0.2299506085924804,-0.0614975893869996,10,-0.6149758938699961
1972016337930664570,1196,17,0.1995548785493398,0.3049477786508699,0.49549734454602,-0.10539290010153,24,-2.5294296024367213
1972041118952406359,580,14,0.3657058344626178,0.182088967115463,0.4522051991398135,0.1836168673471547,24,4.406804816331714
1972276465911295497,608,3,0.4291306780651212,0.1558485624263994,0.4150207443162799,0.2732821156387217,16,4.372513850219548
1973176996133342950,366,10,0.5849288400348562,0.1649222618556366,0.2501488851068111,0.4200065781792196,13,5.460085516329855
1973204207335012836,510,7,0.6767692538522757,0.1596879360917955,0.1635428118648437,0.5170813177604802,13,6.722057130886242
1973257322356686641,421,9,0.3673814094283928,0.2192974343554427,0.4133211642876267,0.1480839750729501,24,3.554015401750803
1973393322412148201,275,6,0.3599439989876312,0.2991461020626593,0.340909905245838,0.0607978969249719,24,1.459149526199326
1974219895428166685,461,28,0.6100306829277958,0.1935712108871944,0.1963981029142936,0.4164594720406014,21,8.74564891285263
1974698749544516836,248,14,0.3396293530822731,0.1780809375632088,0.4822897149715572,0.1615484155190643,16,2.5847746483050287
1975200172749330785,1529,26,0.5581229470654702,0.1460622777816994,0.2958147738819631,0.4120606692837706,24,9.889456062810495
1975682099933159081,828,32,0.4263349157897755,0.2271811864439708,0.3464838918484747,0.1991537293458047,24,4.779689504299313
1975760711868885179,476,18,0.3874601744371466,0.2157072255411185,0.396832608403638,0.1717529488960281,16,2.7480471823364496
1976219897291491301,615,13,0.7777234991996186,0.0986025840068317,0.1236739164493654,0.6791209151927867,23,15.619781049434094
1976256884904010551,556,16,0.6926367226905293,0.0550131148110247,0.2523501597820884,0.6376236078795046,18,11.477224941831082
1976300596489012777,288,2,0.1727478970494121,0.4283625983198484,0.3988894938429196,-0.2556147012704362,6,-1.5336882076226177
1976355717000248486,348,6,0.324277014988992,0.4049015241261158,0.2708214560730589,-0.0806245091371238,9,-0.7256205822341144
1976395146049880860,1220,4,0.4517388282609837,0.1414042550937405,0.4068569046046053,0.3103345731672431,14,4.344684024341404
1976439212087234546,357,1,0.4396018440509215,0.1305729577341117,0.4298252195771783,0.3090288863168098,8,2.4722310905344784
1976562831085945587,147,0,0.3151742671430111,0.293581828456372,0.3912439076602459,0.021592438686639,4,0.0863697547465562
1976988918290871561,291,0,0.5721709402994468,0.0733452295311368,0.3544838293813742,0.4988257107683099,13,6.484734239988029
1977052562047393142,318,1,0.6179807697236538,0.061660891390509,0.3203583431285288,0.5563198783331447,9,5.006878904998303
1977230610193492396,225,1,0.5726160009702047,0.0937126136074463,0.3336713910102844,0.4789033873627583,3,1.436710162088275
1977604106117721081,105,0,0.4036227166652679,0.2651355862617492,0.3312417268753052,0.1384871304035186,1,0.1384871304035186
1977662594814767543,164,0,0.6119179725646973,0.1069551141311725,0.2811269362767537,0.5049628584335247,3,1.5148885753005743
1977882167107183483,863,4,0.3398167392006144,0.319418954080902,0.3407643051662792,0.0203977851197123,24,0.4895468428730964
1978695573540312242,255,4,0.5509895745615164,0.0953434986478338,0.3536669207215309,0.4556460759136825,15,6.834691138705239
1978721428807162477,486,33,0.6210601574927569,0.0919706168130505,0.2869692251800249,0.5290895406797063,24,12.69814897631295
1979184158232200548,421,0,0.4091384389570781,0.1504974291726414,0.4403641112148762,0.2586410097844366,7,1.8104870684910568
1979272996937882697,302,3,0.5272573241963983,0.1213068887009285,0.3514358096872456,0.4059504354954697,8,3.2476034839637578
1979314629288971178,141,4,0.1970053574732608,0.3472263015020225,0.4557683459917704,-0.1502209440287616,9,-1.3519884962588549
1979319879702114033,792,21,0.514388840328902,0.2013602934929076,0.2842508790905897,0.3130285468359943,24,7.512685124063864
1980676955854410676,377,5,0.5622668178108605,0.0943163096642291,0.3434168870239095,0.4679505081466314,11,5.147455589612946
1980826077714458089,364,0,0.7150398546999152,0.035843164533038,0.2491169866513122,0.6791966901668771,11,7.471163591835648
1982186145420705459,263,6,0.870411878824234,0.0614024175330996,0.06818568110466,0.8090094612911344,5,4.045047306455672
1982307724226182479,286,0,0.9635002613067628,0.0080600632354617,0.0284396614879369,0.955440198071301,1,0.955440198071301
1982338062239231448,648,7,0.1317990444892126,0.465350338133133,0.4028506117087343,-0.3335512936439203,23,-7.671679753810167
1982380047037799645,551,2,0.1944069181169782,0.4105320841606174,0.395061013421842,-0.2161251660436391,14,-3.025752324610949
1982826523962376925,590,15,0.3446451861812518,0.1966220976290508,0.4587327219746434,0.148023088552201,26,3.8486003023572266
1983771526593095051,407,14,0.2216877683857455,0.2435353621681376,0.5347768689319491,-0.021847593782392,24,-0.5243422507774085
1983912826435138288,373,23,0.1908709467556327,0.4651737995147705,0.3439552512615919,-0.2743028527591377,20,-5.486057055182755
1984344800918173052,398,5,0.3095931674878706,0.2146790916540406,0.4757277381487867,0.0949140758338299,11,1.0440548341721296
1984428971917056690,945,23,0.2612114136184876,0.337754605638717,0.4010339900851249,-0.0765431920202293,24,-1.837036608485505
1984654536190593565,182,6,0.3446321289837361,0.2203280896730721,0.4350397743582725,0.1243040393106639,5,0.6215201965533197
1984827467990430529,126,1,0.9330713152885436,0.0018867324106395,0.0650418847799301,0.9311845828779042,1,0.9311845828779042
1984966989566946632,290,1,0.3235615308326669,0.4218793675786583,0.2545590855088085,-0.0983178367459913,16,-1.573085387935862
1985015736455777659,315,8,0.4562284619448086,0.2250516359905402,0.3187199109743038,0.2311768259542684,15,3.4676523893140256
1985690972499041655,1141,27,0.6885623977581661,0.0651171355667368,0.2463204583805054,0.6234452621914292,24,14.9626862925943
1985725779224403391,424,26,0.5395153875746157,0.1522765014685042,0.3082081175368765,0.3872388861061114,23,8.906494380440563
1986381770274229982,1411,5,0.5785128490440548,0.1674529974507944,0.2540341575893884,0.4110598515932603,24,9.865436438238248
1987103256026838397,286,0,0.7160739083091419,0.1115986575310429,0.172327421742181,0.6044752507780989,9,5.44027725700289
1988539909492932923,283,6,0.2346142168622464,0.2311718953773379,0.5342138975858688,0.0034423214849084,10,0.0344232148490846
1989309151532097928,291,19,0.4709162866075834,0.2268665232562593,0.3022171843264784,0.244049763351324,21,5.125045030377805
1990008425559495480,273,1,0.5601834199684007,0.0788293517686958,0.3609872286287801,0.4813540681997048,7,3.3694784773979336
1990153952079019554,629,3,0.3153933387641844,0.1950053444230242,0.4896013138717727,0.1203879943411601,19,2.2873718924820423
1990351702003488617,322,1,0.4009789808094501,0.0766342746699229,0.5223867302015424,0.3243447061395272,8,2.594757649116218
1990839260030391966,265,1,0.8288960953553518,0.019870930390122,0.1512329945495973,0.8090251649652297,6,4.854150989791378
1990971872212202017,351,2,0.7116850800812244,0.1067331315716728,0.1815818019676953,0.6049519485095516,4,2.4198077940382063
1991509075413729974,403,0,0.8041138350963593,0.0263313990086317,0.1695547414943576,0.7777824360877276,5,3.8889121804386377
1991606112440301559,286,4,0.960351139307022,0.003804350097198,0.0358444959856569,0.956546789209824,4,3.826187156839296
1991886218589154079,274,8,0.6388472906606538,0.0824292008658605,0.2787235016216124,0.5564180897947933,7,3.8949266285635535
1992217021559023375,367,8,0.4150779371460278,0.2627526236077149,0.3221694628397624,0.1523253135383129,3,0.4569759406149387
1993201691649988635,344,0,0.7244045042565891,0.0486728074860626,0.2269226963897901,0.6757316967705265,14,9.46024375478737
1993446144209924380,189,0,0.6509531823297342,0.2033509426595022,0.1456959017862876,0.4476022396702319,3,1.3428067190106958
1993741396359669912,914,25,0.2345210608172541,0.3331896001220836,0.4322893330749746,-0.0986685393048295,24,-2.3680449433159083
1994434787103955961,332,13,0.4422964038420469,0.1640409678061648,0.3936626361807187,0.278255436035882,12,3.3390652324305847
1994513551544361427,297,7,0.5776840909322103,0.2018657362530939,0.2204501759385069,0.3758183546791163,12,4.509820256149396
1994640395014982936,133,0,0.5433443884054819,0.0738564712616304,0.3827991411089897,0.4694879171438515,3,1.4084637514315546
1994664961942623880,976,2,0.2319475482574974,0.2095730025290201,0.5584794430434704,0.0223745457284773,24,0.5369890974834561
1994709066257170730,565,22,0.4919784981757402,0.2022642057699461,0.3057572915529211,0.289714292405794,15,4.345714386086911
1995059460913026543,155,0,0.1735116538684815,0.5495885843038559,0.2768997792899609,-0.3760769304353744,4,-1.5043077217414975
1995354541608027990,586,2,0.4209452228744825,0.047896486412889,0.5311582971348737,0.3730487364615935,24,8.953169675078243
1995725620700751432,537,12,0.3201538628444541,0.3416775525500998,0.338168586846441,-0.0215236897056456,16,-0.3443790352903306
1995874383085535482,265,9,0.5839753275896822,0.2436779187885778,0.172346750428634,0.3402974088011043,7,2.3820818616077304
1996540914251628732,253,9,0.4989626431194219,0.176279700813307,0.3247576569562608,0.3226829423061149,11,3.549512365367264
1996683772373550543,179,2,0.251324746136864,0.2410087663059433,0.5076664900407195,0.0103159798309206,6,0.0618958789855241
1996721487681060520,307,2,0.4751611275039613,0.2035891983448527,0.3212496813107282,0.2715719291591085,8,2.1725754332728684
1996734402605750648,545,18,0.7744047184423967,0.0648341351688246,0.1607611497965726,0.709570583273572,11,7.805276416009292
1996750561765850810,239,7,0.2500375558684269,0.2640341873963674,0.4859282610813777,-0.0139966315279404,6,-0.0839797891676426
1996778185745546513,197,4,0.829791322350502,0.008289426099509,0.161919258069247,0.821501896250993,4,3.286007585003972
1997496368399974821,762,12,0.6516639167459115,0.0848900026212567,0.2634460814831697,0.5667739141246547,23,13.035800024867058
1998041700152468813,298,8,0.6999247260391712,0.0163008421077393,0.2837744326097891,0.6836238839314319,8,5.468991071451455
1998902237511553950,663,15,0.5427902406052901,0.1054226497267014,0.3517870981518465,0.4373675908785887,26,11.371557362843305
1999039995978790955,2053,4,0.2778850970727702,0.1986624328357478,0.5234524579842885,0.0792226642370224,24,1.9013439416885376
1999053161706087005,822,34,0.182150310835039,0.5476102346579798,0.2702394340390509,-0.3654599238229407,44,-16.080236648209393
1999227157976554083,358,20,0.3454404398649931,0.2608305698111653,0.3937289856672287,0.0846098700538277,15,1.2691480508074164
1999685299764166325,629,1,0.2032679861846069,0.3502215315789605,0.4465104870870709,-0.1469535453943535,24,-3.5268850894644856
2000198437408254880,421,17,0.3179880186766386,0.1545494873393327,0.5274624834135174,0.1634385313373059,20,3.268770626746118
2000300450817155803,882,7,0.3289076450291802,0.2559374663798029,0.4151548951513626,0.0729701786493773,17,1.240493037039414
2000409751166521338,330,7,0.4403824794747763,0.2078595208438734,0.3517579929033915,0.2325229586309029,9,2.092706627678126
2000860178899029915,349,10,0.5952039353251457,0.1400215274356305,0.2647745203822851,0.4551824078895151,10,4.551824078895152
2001135654016176160,211,1,0.3329621382554372,0.1798884704352046,0.4871493739634752,0.1530736678202326,6,0.9184420069213955
2001604765410376312,292,0,0.7223048508167267,0.0899529214283185,0.1877422213022198,0.6323519293884081,7,4.426463505718857
2001619273004502440,298,1,0.4230424608621332,0.2544631836159776,0.3224943736568093,0.1685792772461556,9,1.517213495215401
2001675986051204382,1321,1,0.2313592508730168,0.371645013326779,0.3969957310271759,-0.1402857624537622,24,-3.3668582988902926
2002997112798759263,353,7,0.1995106192512644,0.2176396578239897,0.5828497310479482,-0.0181290385727253,9,-0.1631613471545279
2003122427042856831,1875,5,0.2901435690233484,0.2891782476256291,0.4206781743870427,0.0009653213977192,24,0.0231677135452628
2003884957938058684,359,12,0.5092082072794437,0.1109664040298334,0.3798253844997712,0.3982418032496103,14,5.5753852454945445
2004476413614738109,519,41,0.3216392865133556,0.2669179443358867,0.4114427736909551,0.0547213421774689,22,1.2038695279043168
2004549665808550212,1040,18,0.4999995200553288,0.1639309047088803,0.3360695747798308,0.3360686153464485,24,8.065646768314764
2004765032187273327,616,3,0.221047535490555,0.4149567283752064,0.3639957400535543,-0.1939091928846513,24,-4.653820629231632
2004778592825120716,394,6,0.2507600148288267,0.3263993965674724,0.4228405875393322,-0.0756393817386456,14,-1.0589513443410397
2005123636799013793,1429,12,0.2569069406539201,0.3652363574653864,0.3778566996455192,-0.1083294168114662,15,-1.6249412521719933
2005161602833699625,193,11,0.4430025533112612,0.1986630722939629,0.3583343748816034,0.2443394810172983,11,2.687734291190281
2005485563492450423,2063,4,0.3904452047916129,0.1821039858433263,0.427450799945121,0.2083412189482866,24,5.00018925475888
2005889131185852085,217,28,0.2857739967489172,0.3999718131160452,0.3142541874519416,-0.114197816367128,21,-2.3981541437096894
2005938921332339187,637,16,0.2969030484776286,0.2830790631911334,0.42001789863057,0.0138239852864952,17,0.2350077498704195
2006076739912423138,706,3,0.3617197038264324,0.2654130498032707,0.3728672406077385,0.0963066540231617,24,2.3113596965558827
2006097198502417079,170,2,0.2714172080159187,0.0358987059444189,0.6926840941111246,0.2355185020714998,3,0.7065555062144995
2006272728237472690,662,0,0.1537009313184282,0.3678500922769308,0.4784489800489467,-0.2141491609585026,23,-4.92543070204556
2006317871850237170,474,17,0.5825898172750192,0.1003082630312179,0.3171019232273102,0.4822815542438012,17,8.198786422144622
2006420425258889208,231,21,0.3555407998356081,0.2945045986416794,0.3499545989504882,0.0610362011939287,21,1.281760225072503
2006422222534936449,169,14,0.2597759864396519,0.277217805913339,0.4630062055256632,-0.0174418194736871,18,-0.3139527505263686
2007381960466801840,586,25,0.5034082284159959,0.1943154563624411,0.3022763156406581,0.3090927720535547,20,6.181855441071093
2007542956434969049,283,13,0.3969958489201963,0.3726690665880839,0.2303350680073102,0.0243267823321123,15,0.3649017349816859
2007728934147659557,1989,19,0.246656543846863,0.3170345429486285,0.4363089169686039,-0.0703779991017654,24,-1.689071978442371
2008040235189259063,748,29,0.3840769485818843,0.1680972561721379,0.4478257935773581,0.2159796924097463,24,5.183512617833912
2008208177310888768,497,20,0.634026511942639,0.1301007825092358,0.2358727091638481,0.5039257294334033,17,8.566737400367856
2008461799248536260,907,5,0.2446672857366502,0.3503575900041809,0.4049751330291231,-0.1056903042675306,24,-2.536567302420736
2008632450655504825,364,11,0.3082710195332765,0.2364437041338533,0.455285270884633,0.0718273153994232,10,0.7182731539942324
2009480853614747461,957,5,0.1442162186986146,0.3923494561140736,0.4634343173292776,-0.248133237415459,24,-5.955197697971016
2009557824151269177,1501,13,0.4706899241916835,0.1585513035440817,0.3707587778909753,0.3121386206476018,24,7.491326895542443
2009770083834242558,504,25,0.6826400834581127,0.0343852150102105,0.2829746819789643,0.648254868447902,23,14.909861974301746
2010292211113459146,391,13,0.5992315051876582,0.0928255853615701,0.3079429184416166,0.5064059198260881,13,6.583276957739145
2010441941768391978,287,16,0.486043060541153,0.2507972112558782,0.2631597303915769,0.2352458492852747,10,2.3524584928527474
2010534153734794725,947,16,0.3856580626809349,0.2058155936119146,0.4085263362759724,0.1798424690690202,24,4.316219257656485
2010838382810524577,544,2,0.5347609832882881,0.1292949607071932,0.3359440499800257,0.4054660225810949,16,6.487456361297518
2010976398589950102,970,39,0.2520447385954586,0.3515230345150286,0.3964322263815186,-0.09947829591957,22,-2.188522510230541
2011158550543811461,684,6,0.5109343976658933,0.1250479645561426,0.3640176342581125,0.3858864331097506,17,6.560069362865761
2013196180873684982,1091,30,0.4490376955332855,0.2151312432317839,0.3358310572865108,0.2339064523015016,24,5.613754855236039
2013303632600366332,371,13,0.3207782014188441,0.3018258335068822,0.3773959861560301,0.0189523679119619,11,0.2084760470315814
2013482435394052830,536,0,0.4217931849882007,0.2255107192322611,0.3526960954070091,0.1962824657559395,10,1.9628246575593948
2013855600297268748,308,5,0.4634516481061776,0.2112162078016748,0.3253321586052577,0.2522354403045028,6,1.513412641827017
2013909836305413642,392,1,0.4497334283776581,0.1438910058233887,0.4063755725044757,0.3058424225542694,20,6.116848451085389
2014096018280780815,627,28,0.3216053752435578,0.2508983705710206,0.4274962359211511,0.0707070046725372,18,1.2727260841056705
2014165198115956635,271,6,0.461169722928949,0.0986426036395942,0.4401876650799227,0.3625271192893547,23,8.33812374365516
2014224107493002156,835,17,0.43434486036965,0.2831431513124456,0.2825119850582753,0.1512017090572044,24,3.628841017372906
2015237382309593602,544,14,0.3416449632464597,0.252418240403058,0.4059367873768011,0.0892267228434017,24,2.141441348241642
2015303894449797750,175,2,0.2799362173676491,0.324789350827535,0.3952744392553965,-0.0448531334598859,3,-0.1345594003796577
2015372597602331746,864,2,0.2423620627184088,0.2215813199679056,0.536056618206203,0.0207807427505031,24,0.4987378260120749
2015649321657550677,979,5,0.309807615999419,0.2358273850897183,0.4543650043555177,0.0739802309097005,26,1.923486003652215
2016501496646343262,710,20,0.3706961821205914,0.2863696734327823,0.3429341327274839,0.0843265086878091,24,2.023836208507418
2016779046249501667,600,17,0.3001845594464491,0.2947199189422342,0.4050955254336199,0.0054646405042149,24,0.1311513721011579
2017553663029379061,468,16,0.7881519211381673,0.0526144341723993,0.1592336529549211,0.735537486965768,20,14.71074973931536
2018230337047874089,230,6,0.498639564315478,0.1748895561074217,0.3264708420137565,0.3237500082080563,3,0.9712500246241688
2018644873030474757,975,4,0.4050003335773945,0.1556973919002339,0.439302276827395,0.2493029416771605,20,4.986058833543211
2018800151046696646,462,22,0.7095511884597085,0.1003403540869199,0.1901084535285121,0.6092108343727887,21,12.793427521828562
2019233333428769236,278,11,0.4406477711163461,0.2917286746014724,0.2676235698163509,0.1489190965148736,16,2.3827055442379788
2019553369091702082,538,25,0.4640022799423473,0.1962357382150367,0.3397619900446046,0.2677665417273105,22,5.890863918000832
2019648147862930053,331,15,0.4217047885308663,0.0865961837539604,0.4916990339724967,0.3351086047769058,24,8.04260651464574
